title,plot
Spy Movie,A spy navigates intrigue in Paris to stop a terrorist plot.
Romance in Paris,A couple falls in love in Paris under romantic circumstances.
Action Flick,A high-octane chase through New York with explosions and car stunts.
Space Odyssey,A crew journeys through space to explore a distant planet.
Haunted Manor,A family moves into a mansion haunted by ghosts.
Detective Chronicles,A detective solves a complex murder mystery in London.
Comedy Night,A group of friends gets into hilarious misadventures.
Lost in Jungle,Adventurers get lost in a dense jungle and fight to survive.
Time Traveler,A scientist invents a time machine and explores the past.
Alien Invasion,"Extraterrestrials arrive on Earth, threatening humanity."
Magic Academy,A young wizard attends a school of magic and learns spells.
Wild West Showdown,Cowboys face off in the wild west in an epic duel.
Underwater Secrets,Divers discover hidden treasures under the ocean.
Robot Uprising,Robots gain consciousness and rebel against humans.
Historical Epic,An epic tale set during the medieval period with kings and battles.
Sports Fever,A small-town team strives to win the national championship.
Musical Dreams,A talented singer struggles to make it big in the music industry.
Crime City,A gritty crime story set in the underworld of a big city.
Zombie Apocalypse,Survivors fight hordes of zombies after a viral outbreak.
Friendship Tales,A heartwarming story about friends overcoming challenges together.
Superhero Rise,A young hero discovers powers and fights evil in the city.
Winter Wonderland,A magical story set in a snowy village during Christmas.
Cyber Hack,A hacker uncovers a conspiracy involving a powerful corporation.
Jungle Quest,Explorers go on a dangerous mission to find a lost civilization.
Love Triangle,Romantic complications arise between three people in a small town.
Space Wars,Intergalactic battles rage between rival planets.
Mystery Island,Stranded travelers uncover secrets on a mysterious island.
Pirate Adventures,A pirate crew searches for a legendary hidden treasure.
Dream Chasers,Young entrepreneurs chase their dreams against all odds.
Ancient Curse,Archaeologists awaken a deadly curse in an ancient tomb.
Cooking Showdown,Chefs compete in a high-stakes culinary contest.
Mountain Rescue,A team rescues climbers trapped on a dangerous peak.
Deep Sea Horror,Scientists face terrifying creatures in the deep ocean.
City Lights,A struggling artist navigates love and ambition in a big city.
Political Thriller,An undercover journalist exposes government corruption.
Virtual Reality,A gamer gets trapped inside a virtual world.
Robot Companion,A lonely inventor builds a robot friend with AI.
Lost Memories,A woman discovers her forgotten past in a small town.
Eco Warriors,Activists fight to save a forest from destruction.
Haunted School,Students investigate paranormal activity at their school.
Treasure Hunt,Friends follow a treasure map across the country.
Alien Planet,Explorers land on a mysterious planet with strange creatures.
Spy Kids,Children become young spies to save the world.
Romantic Getaway,A couple's vacation turns into an unexpected adventure.
Time Paradox,A scientist causes a paradox while experimenting with time travel.
Fantasy Quest,Heroes embark on a quest to save their kingdom.
Supernatural Investigation,A detective investigates unexplained supernatural events.
Historical Romance,Love blossoms amidst historical turmoil and war.
Comedy of Errors,Series of hilarious misunderstandings causes chaos in a town.
Secret Agent,An agent uncovers a plot to destabilize global peace.
Haunted Cruise,Passengers encounter ghosts aboard a luxury cruise ship.
Cyber Detective,A detective solves crimes in a futuristic digital city.
Wild Safari,A wildlife photographer faces danger on an African safari.
Magic Show,A magician performs a series of impossible tricks.
